zuj;id_mesta_obce
500011;81404
500020;81405
500046;8268
500062;81406
500071;81407
500101;81408
500127;81409
500135;81410
500151;81411
500160;81412
500194;81413
500259;18036
500291;18668
500496;11050
500526;197
500623;395
500801;520
500852;643
500861;869
500879;1667
501476;2644
501646;2846
501751;3147
501794;3327
501841;3626
502146;3952
502235;4015
502405;4016
502545;4206
502839;5235
503142;6140
503304;7210
503410;19728
503444;8590
503622;8868
503657;8912
503738;8992
503916;7009
503941;9342
504246;9685
504301;3283
504441;10140
504505;10154
504785;11816
504807;1658
504921;3285
504955;17761
505005;489
505013;13600
505030;2869
505081;14745
505099;19656
505111;14981
505145;1472
505161;16343
505188;16352
505218;16451
505269;16670
505293;16866
505366;16887
505391;179
505501;17375
505528;5825
505587;17450
505609;17828
505650;17978
505668;17979
505781;922
505862;19662
505927;11156
506192;652
506214;698
506320;1310
506451;1471
506460;1550
506486;886
506494;10616
506621;2372
506664;14854
506699;13894
506702;2863
506711;2954
506729;1741
506737;5489
506753;3649
506761;17470
506770;17471
507016;3971
507091;10818
507105;4014
507113;4078
507181;13405
507237;6881
507261;4660
507270;4681
507334;5487
507377;5648
507423;5710
507458;7070
507504;6734
507547;9494
507580;7423
507610;3102
507628;12169
507644;12170
507652;12171
507695;12172
507717;11872
507733;1405
507784;13975
507920;8601
507971;8841
508004;14118
508128;9189
508144;9277
508152;15810
508357;7055
508373;9823
508501;8945
508683;12563
509078;12156
509108;7054
509116;2106
509141;3392
509191;1746
509388;41
509418;817
509574;11011
509612;11648
509621;19809
509647;12108
509736;13683
509752;931
509841;13882
510068;1878
510131;14894
510289;15028
510297;15083
510343;15543
510378;15875
510432;16247
510483;16339
510491;16388
510556;10678
510645;15121
510882;17859
510891;17877
510939;17882
510980;10888
511021;18299
511081;14680
511161;18662
511242;18148
511307;16947
511382;13471
511412;10801
511587;8853
511633;5629
511935;1599
511951;2960
511986;4339
512028;12094
512176;4735
512184;9354
512192;4278
512231;200
512281;260
512401;383
512532;672
512745;16678
512800;1275
512826;1573
512869;15582
512877;1720
512893;10638
512907;7856
512923;5114
512974;161
512982;1785
512991;3251
513032;10418
513041;8092
513059;1933
513067;2048
513075;4020
513105;2718
513113;9055
513130;2830
513148;2918
513164;19495
513181;10919
513199;3032
513202;19061
513211;3084
513229;3302
513237;10921
513261;12139
513270;13876
513288;16716
513369;17137
513393;13627
513415;13968
513423;13970
513431;5299
513458;18102
513482;18843
513491;4357
513504;2639
513512;19270
513521;8043
513539;17849
513547;13583
513555;7104
513571;10852
513580;4923
513628;6646
513636;4659
513644;19301
513661;10549
513695;2577
513709;2579
513717;13292
513733;4669
513750;4768
513768;4998
513873;6034
513890;14807
514047;6645
514055;6789
514152;6797
514161;8864
514195;19559
514276;9526
514446;7939
514471;7941
514497;8100
514527;8141
514705;8426
514772;8463
514802;8503
515191;8629
515329;9093
515418;9459
515477;9516
515787;10283
515825;10999
516201;11154
516350;11204
516619;11301
516635;11810
516686;11812
516694;11858
516864;12431
516899;12548
516911;12553
517101;12646
517151;13328
517208;13394
517224;13516
517275;13775
517321;13802
517437;13805
517445;13863
517534;13881
517569;13885
517585;13905
517607;14089
517615;14195
517666;14558
517747;14802
517836;15202
517844;15158
517887;15393
517909;15796
518026;15979
519031;16628
519146;16801
519651;16868
520047;17124
520306;17483
520420;18086
521531;18708
522775;19097
523453;19427
523640;19580
523704;16426
523917;176
524891;282
525227;401
525588;581
525804;622
525880;653
525979;671
526169;944
526622;9410
528196;11692
529303;219
529451;1677
529478;1827
529486;1888
529516;1966
529524;19201
529532;2115
529541;2315
529559;19204
529567;2433
529575;19631
529583;19633
529591;14666
529605;14084
529613;6150
529621;2626
529630;7060
529648;2933
529656;14749
529664;18528
529672;360
529681;7120
529699;17835
529702;3858
529711;3196
529729;8401
529737;4928
529745;5017
529753;10529
529761;10534
529770;5142
529788;5188
529796;5202
529818;5355
529826;1938
529834;9377
529842;5670
529851;5783
529869;12629
529877;932
529885;933
529893;15334
529907;6470
529915;17611
529923;19468
529931;6897
529940;7185
529958;7436
529966;1640
529974;7451
529982;5149
529991;7554
530000;7641
530018;1389
530026;7733
530034;15574
530042;1543
530051;8038
530069;8267
530085;1613
530093;8649
530107;8737
530115;9197
530123;15963
530131;2681
530140;10446
530158;9383
530166;9485
530174;9585
530182;10450
530191;9752
530204;10000
530212;10099
530221;3869
530239;439
530247;12653
530263;10377
530271;14676
530280;18807
530298;10412
530301;10424
530310;10428
530328;2058
530336;12143
530344;10986
530352;11629
530361;6423
530379;3177
530387;15064
530395;5720
530409;11970
530417;3111
530425;9199
530433;7741
530441;12603
530450;12627
530468;2666
530476;13303
530484;5858
530492;13519
530506;9579
530514;13643
530522;13726
530531;13854
530549;13957
530557;7182
530565;19636
530573;14682
530581;1962
530590;8308
530603;19088
530611;15098
530620;13507
530638;15153
530646;12344
530654;9578
530662;6002
530671;13647
530689;15707
530697;17279
530701;15762
530719;15846
530727;993
530735;15438
530743;16496
530751;16529
530760;16642
530778;16702
530786;2171
530794;14479
530808;276
530816;16825
530824;17779
530832;407
530841;17239
530859;410
530867;17810
530875;411
530883;18354
530891;18448
530905;18504
530913;18519
530921;18535
530930;2030
530948;18648
530956;2088
530964;2084
530972;16972
530981;1777
530999;7445
531006;8843
531014;7446
531022;19257
531031;19312
531049;19387
531057;286
531065;15248
531073;336
531081;1287
531090;1460
531103;1513
531111;264
531120;1731
531138;1761
531146;3153
531154;3260
531162;3446
531171;3890
531189;4537
531197;10605
531201;4588
531219;4893
531227;4925
531235;5028
531243;5047
531251;5057
531260;11943
531278;12021
531286;12638
531294;5544
531308;6126
531316;6371
531324;6864
531332;6903
531341;12639
531359;12640
531367;17147
531375;7686
531383;17148
531391;15872
531405;18933
531413;4642
531421;16215
531430;19576
531448;8320
531456;8526
531464;8632
531472;8646
531481;19577
531499;1718
531502;1719
531511;5537
531529;9301
531537;9386
531545;9930
531553;6905
531561;17126
531570;2771
531588;10420
531596;10468
531600;10740
531618;10806
531626;11019
531634;11284
531642;11332
531651;6302
531669;11671
531677;8626
531685;12403
531693;13294
531707;10480
531715;14306
531723;14331
531731;15617
531740;14901
531758;15298
531766;15531
531774;15614
531782;15924
531791;15996
531804;16026
531812;16079
531821;16482
531839;16691
531847;16760
531855;16762
531863;11710
531871;5934
531880;16897
531898;8132
531901;17357
531910;17959
531928;4576
531936;18168
531944;18571
531952;18729
531961;18844
531979;18959
531987;19634
531995;19038
532002;19077
532011;19244
532029;19571
532037;5396
532045;5127
532053;6506
532061;17595
532070;199
532088;320
532096;780
532100;559
532118;928
532126;953
532134;5913
532142;961
532151;3162
532169;1639
532177;1660
532185;1812
532193;2435
532207;2063
532215;2120
532223;2819
532231;15071
532258;8533
532266;18704
532274;3271
532282;3292
532291;3306
532304;16965
532312;4237
532321;4511
532339;4557
532347;4592
532355;4725
532363;4803
532371;4888
532380;551
532398;5443
532401;5764
532410;5810
532428;5824
532436;15137
532444;6167
532452;6284
532461;6642
532479;6679
532487;6718
532495;6804
532509;16242
532517;7837
532525;7871
532533;7961
532541;16772
532550;13991
532568;265
532576;8358
532584;8370
532592;16714
532606;5270
532614;11630
532622;8994
532631;9052
532649;12580
532657;9096
532665;10419
532673;11103
532681;11698
532690;1800
532711;11835
532720;12054
532738;12175
532746;2542
532754;12398
532762;12686
532771;13455
532789;13663
532797;14578
532801;14629
532819;14936
532827;14962
532835;15084
532843;3383
532851;15544
532860;15556
532878;5116
532886;12363
532894;1630
532908;16080
532916;16278
532924;1582
532932;10378
532941;14575
532959;17000
532967;17003
532975;17053
532983;17131
532991;17324
533009;17350
533017;17449
533025;17830
533033;17937
533041;17996
533050;18227
533068;18556
533076;11850
533084;6531
533092;19046
533106;16896
533114;19333
533122;19410
533149;19694
533157;19756
533165;6815
533173;91
533181;129
533190;202
533203;7294
533211;1493
533220;1495
533238;1644
533246;1754
533254;2008
533262;2094
533271;2273
533289;2780
533297;2915
533301;3120
533319;9041
533327;4321
533335;8130
533343;5349
533351;5400
533360;5901
533378;5931
533386;6664
533394;6895
533408;6972
533416;7016
533424;7121
533432;7188
533441;7235
533459;7522
533467;7551
533475;8198
533483;8309
533491;1992
533505;8686
533513;9118
533521;10182
533530;10571
533548;10810
533556;10920
533564;11018
533572;11709
533581;12138
533599;12517
533602;10335
533611;13629
533629;13778
533637;13874
533645;13877
533653;13971
533661;14144
533670;5440
533688;2664
533696;14919
533700;15505
533718;15769
533726;16129
533734;16717
533742;16787
533751;17051
533769;17080
533777;17138
533785;17142
533793;9300
533807;17235
533815;17318
533823;17792
533831;17803
533840;17968
533858;17986
533866;18283
533874;18394
533882;18467
533891;18587
533904;18904
533912;9932
533921;19110
533939;7957
533947;19748
533955;7771
533963;14891
533971;406
533980;610
533998;1775
534005;1834
534013;2026
534021;2085
534030;2339
534048;18320
534056;4203
534064;4600
534072;7107
534081;5052
534099;5134
534102;5348
534111;11656
534129;6163
534137;6668
534145;1649
534153;7444
534161;7604
534170;7975
534188;9083
534196;9409
534200;9599
534218;9099
534226;10343
534234;18224
534242;10607
534251;10973
534269;10384
534277;11132
534285;12336
534293;11693
534307;11948
534315;12022
534323;12028
534331;12641
534340;13953
534358;13967
534366;14512
534374;14600
534382;14619
534391;15042
534404;8924
534412;15361
534421;121
534439;15908
534447;5211
534455;5186
534463;19570
534471;18982
534480;17149
534498;17321
534501;17427
534510;17586
534528;17721
534536;18161
534544;18220
534552;18321
534561;18338
534579;18397
534587;18623
534595;18934
534609;19156
534617;19189
534625;19209
534633;19365
534641;19429
534650;19579
534668;19765
534676;9281
534684;751
534692;17387
534706;5424
534714;1646
534722;1717
534731;1784
534749;1877
534757;7085
534765;2865
534773;3308
534781;3311
534790;4375
534803;4533
534811;12687
534820;5184
534838;5274
534846;5536
534854;4500
534862;19383
534871;17778
534889;15523
534897;6677
534901;6799
534919;10401
534927;3352
534935;7017
534943;7126
534951;7271
534960;7580
534978;7969
534986;8093
534994;19572
535001;8192
535010;188
535028;8929
535036;9143
535044;9280
535052;10027
535061;10186
535079;10279
535087;10356
535095;2064
535109;3307
535117;10539
535125;419
535133;10882
535141;11711
535150;4512
535168;14517
535176;4161
535184;16703
535192;15284
535206;2232
535214;15753
535222;16736
535231;18089
535249;2478
535257;17588
535265;17956
535273;17987
535281;2621
535290;18452
535303;18525
535311;18745
535320;18748
535338;18797
535346;12154
535354;19063
535362;19101
535371;3315
535389;19335
535397;19635
535401;857
535419;9629
535427;83
535435;10338
535443;170
535451;210
535460;4159
535478;382
535486;483
535494;17473
535508;746
535516;827
535524;4601
535532;3720
535541;5674
535559;1268
535567;1401
535575;8399
535583;1446
535591;19393
535605;1615
535613;19391
535621;1819
535630;2395
535648;10211
535656;2638
535664;10206
535672;2747
535681;10205
535699;16676
535702;2873
535711;2939
535729;3015
535737;14162
535745;3100
535753;4965
535761;14346
535770;4439
535788;3353
535796;18568
535800;8303
535818;4212
535826;3
535834;4266
535842;14570
535851;14668
535869;4805
535877;6875
535885;4615
535893;18288
535907;5350
535915;3185
535923;5208
535931;5323
535940;16244
535958;3183
535966;5586
535974;6128
535982;6271
535991;12111
536008;6453
536016;18975
536024;6551
536032;13856
536041;6705
536059;19414
536067;6773
536075;19703
536083;17776
536091;4652
536105;16379
536113;5041
536121;6998
536130;7051
536148;5792
536156;19701
536164;7367
536172;7478
536181;7504
536199;2807
536202;7962
536211;8146
536229;19079
536237;10406
536245;13615
536253;18116
536261;8727
536270;8910
536288;5807
536296;11576
536300;19368
536326;9757
536334;10294
536342;7231
536351;10355
536369;4476
536377;10527
536385;5872
536393;5911
536407;10880
536415;457
536423;10398
536431;11960
536440;12096
536458;12159
536466;8973
536474;10295
536482;18979
536491;13428
536504;10118
536512;5112
536521;6036
536539;4617
536547;4618
536555;7518
536563;9744
536571;6278
536580;14528
536598;16697
536601;6757
536610;14716
536628;3991
536636;14815
536644;10184
536652;15101
536661;15216
536679;6072
536687;6654
536695;17414
536709;15630
536717;15687
536725;10452
536733;6861
536741;11293
536750;7820
536768;15935
536776;13527
536784;15717
536792;15716
536806;7405
536814;6999
536822;8654
536831;15249
536849;14212
536857;17941
536865;14211
536873;16272
536881;12600
536890;17578
536903;17575
536911;7672
536920;16327
536938;18710
536946;6215
536954;7434
536962;10463
536971;19504
536989;19646
536997;19678
537004;10823
537021;310
537039;584
537047;1505
537055;1540
537063;18929
537071;3324
537080;2392
537098;2665
537101;2804
537110;3390
537128;3424
537136;7953
537144;7951
537152;4502
537161;4662
537179;4751
537187;7950
537195;7956
537209;10171
537217;5279
537225;5307
537233;5374
537241;5524
537250;5993
537268;6142
537276;6282
537284;8021
537292;6692
537306;6801
537314;7052
537322;5526
537331;7062
537349;7083
537357;7114
537365;8978
537373;7134
537381;8976
537390;7447
537403;7553
537411;7629
537420;5525
537438;8269
537446;8693
537454;8950
537462;9234
537489;9328
537497;9453
537501;9519
537519;16416
537527;17205
537535;17207
537543;5171
537551;10917
537560;10975
537578;11192
537586;11199
537594;15801
537608;17544
537616;11316
537624;11340
537632;11826
537641;11882
537659;12097
537667;12102
537675;12278
537683;12349
537691;11129
537705;12598
537713;8052
537721;13503
537730;17559
537748;13974
537756;14268
537764;14592
537772;14612
537781;14721
537799;14744
537802;15069
537811;15217
537829;13315
537837;15380
537845;16640
537853;15605
537861;15632
537870;6369
537888;16517
537896;16964
537900;17429
537918;2458
537926;5839
537934;9555
537942;18101
537951;18409
537969;11659
537977;18610
537985;18705
537993;18755
538001;36
538019;2001
538027;3453
538035;19573
538043;60
538051;112
538086;807
538094;904
538108;977
538116;2551
538132;1915
538141;2344
538159;3668
538167;2764
538183;14054
538191;3293
538221;4480
538230;4638
538248;4865
538256;4967
538264;5849
538272;6092
538281;6217
538299;6242
538311;6603
538329;6620
538337;7381
538345;6785
538370;7030
538396;8170
538418;7655
538426;7723
538434;16002
538442;8266
538451;8735
538469;9222
538477;9344
538485;9547
538493;9754
538507;9806
538515;10011
538523;10032
538540;10240
538558;10541
538566;10803
538574;10899
538582;11127
538591;15230
538604;11755
538612;12041
538621;12414
538639;12521
538647;12620
538655;13420
538663;18671
538671;13530
538680;13705
538698;13748
538701;13824
538710;14498
538728;14545
538744;1440
538752;14750
538761;14776
538779;15075
538787;15080
538795;7335
538809;15606
538817;6926
538825;15708
538833;15943
538841;16039
538850;16117
538868;12558
538876;16238
538884;16273
538892;16530
538906;9492
538914;16785
538922;10953
538957;17573
538965;17775
538973;17796
538981;17934
538990;18112
539015;18436
539023;16956
539031;18739
539040;18850
539058;19241
539066;19278
539074;18463
539082;19334
539091;19379
539104;686
539112;15399
539121;2035
539139;2038
539147;2354
539155;2394
539163;2481
539171;2748
539180;2776
539198;2781
539201;2832
539210;2879
539228;4145
539236;4477
539244;4583
539252;4754
539261;5032
539279;17833
539287;5298
539295;5401
539309;5546
539317;5826
539325;5861
539333;6009
539341;6017
539350;6074
539368;6287
539376;18411
539384;6685
539392;6997
539406;8076
539414;8183
539422;8256
539431;18969
539457;8505
539473;11713
539481;17675
539490;9271
539503;10935
539511;10971
539520;11260
539538;13284
539546;11975
539554;10906
539562;12490
539571;13396
539597;13642
539619;17183
539627;14250
539643;14537
539651;14580
539660;14961
539686;15534
539708;15738
539716;9274
539732;16325
539741;2405
539759;17039
539767;17134
539775;17175
539783;2680
539805;17441
539813;17936
539821;2969
539830;18498
539848;18531
539856;18727
539872;19196
539881;19322
539902;19405
539911;13542
539929;4484
539937;14821
539945;4482
539953;668
539961;8283
539970;763
539988;959
540005;8410
540013;1427
540021;1581
540030;8466
540048;1625
540056;4677
540064;4676
540072;1945
540081;2380
540099;2449
540102;10445
540111;2796
540129;2905
540137;19736
540145;3160
540153;3207
540161;8511
540170;3237
540188;3248
540196;8688
540200;7174
540218;3357
540226;8708
540234;8887
540242;3968
540251;3158
540269;10555
540285;4905
540293;11647
540307;5185
540315;5033
540323;5329
540331;9015
540340;10407
540358;5407
540366;9089
540374;5618
540382;9441
540391;5865
540404;6028
540412;10409
540421;13595
540439;6298
540447;6660
540463;14188
540471;9803
540480;9861
540498;7001
540501;10781
540510;11109
540528;17442
540536;7152
540544;11314
540552;7352
540561;8062
540579;7593
540587;7610
540595;11747
540609;11846
540617;8499
540625;7926
540633;7109
540641;17209
540650;12065
540668;4175
540676;18618
540684;12069
540692;18617
540706;18391
540714;9007
540722;1635
540731;12530
540749;9462
540757;9497
540765;9762
540773;12617
540781;9820
540790;10149
540803;5152
540811;10192
540820;10225
540846;10258
540854;13888
540862;13935
540871;14042
540889;10581
540897;10609
540901;10763
540919;14205
540927;12405
540935;10856
540943;10865
540951;10868
540960;10931
540978;14322
540986;15206
541001;12406
541010;11704
541028;11876
541036;15368
541044;11988
541052;12055
541061;19397
541079;15452
541087;12315
541095;13634
541109;15877
541117;15957
541125;16028
541133;13334
541141;17758
541150;6296
541168;16399
541176;16122
541192;10432
541206;14137
541214;17271
541222;17478
541231;14284
541249;17690
541257;14401
541265;17908
541273;14583
541281;14653
541290;4311
541303;18171
541311;15113
541320;15239
541338;15375
541346;18381
541354;18942
541362;18958
541371;15920
541389;16005
541397;16019
541401;18956
541419;16373
541427;16771
541435;7675
541443;8834
541451;17052
541460;19289
541478;19409
541486;13371
541494;6794
541508;18108
541516;18254
541524;18482
541532;8832
541541;18505
541559;6767
541567;18550
541575;19780
541583;18820
541591;18841
541605;1265
541613;19076
541621;16722
541630;18676
541648;940
541656;13908
541664;19029
541672;945
541681;11643
541699;2396
541702;8660
541711;1714
541729;4510
541737;4549
541745;10074
541753;5952
541761;4890
541770;4894
541788;12514
541796;3816
541800;2852
541818;5402
541826;6472
541834;5869
541842;139
541851;17229
541869;17228
541877;6686
541885;17231
541893;6812
541907;7115
541915;10886
541923;1489
541931;7822
541940;7506
541958;7823
541966;7525
541974;7541
541982;7639
541991;7904
542008;7921
542016;8492
542024;2357
542032;8800
542041;8937
542059;17396
542067;9331
542075;9512
542083;12145
542091;9786
542105;10023
542113;10024
542121;10042
542130;10382
542148;9787
542156;794
542164;10674
542172;2098
542181;10727
542199;11020
542202;11207
542211;11759
542229;11992
542237;12495
542253;13582
542270;13655
542288;13696
542296;795
542318;545
542326;14317
542334;14467
542342;4174
542351;14538
542369;14741
542377;14752
542385;14879
542393;15949
542407;16841
542415;14925
542423;1807
542431;15289
542440;14036
542458;16118
542466;16173
542474;16195
542482;2790
542491;17943
542504;17015
542512;17117
542521;17944
542539;19433
542547;5174
542555;6020
542563;17825
542571;1782
542580;2005
542598;18749
542601;19124
542610;19137
542628;2004
542636;4911
542644;3458
542679;3687
542687;4216
542725;4335
542750;4605
542768;4634
542784;4976
542814;5001
542831;5277
542865;5626
542903;5727
542911;6377
542946;6449
542989;6475
542997;6489
543012;11758
543021;7735
543098;7886
543128;15362
543543;4867
544248;11832
544256;2191
544264;8000
544272;752
544281;774
544299;802
544302;8045
544329;1899
544337;3703
544345;13324
544353;2600
544361;2618
544370;8367
544388;2882
544396;8476
544400;3140
544418;8702
544426;3313
544434;8941
544442;3362
544451;3425
544469;9004
544477;15639
544485;3960
544493;4158
544507;9447
544515;4419
544523;4553
544531;16164
544540;4788
544558;4800
544566;10738
544574;11716
544582;16169
544591;5405
544604;16172
544612;5678
544621;12531
544639;6014
544647;44
544655;12685
544663;6292
544671;13308
544680;14376
544698;13375
544701;45
544710;11646
544728;13406
544736;7979
544744;8282
544752;13631
544761;8402
544779;8517
544787;13984
544795;8620
544809;8630
544817;9712
544825;10210
544833;81
544841;14293
544850;14373
544868;10625
544876;8129
544884;11033
544892;11049
544906;14748
544914;15747
544922;15794
544931;16413
544949;17625
544957;9303
544965;13855
544973;14161
544981;14347
544990;17627
545007;14572
545015;14672
545023;14991
545031;9304
545040;13860
545058;17636
545066;15313
545074;15433
545082;15659
545091;15803
545104;16023
545112;17652
545121;16245
545139;16348
545147;17854
545155;16580
545163;17901
545171;16815
545180;15021
545198;18152
545201;17212
545210;18176
545228;17738
545236;19116
545244;19222
545252;19378
545261;18510
545279;3081
545287;18721
545295;18706
545309;7205
545317;18928
545325;3415
545341;19327
545368;19416
545376;19454
545384;19707
545392;2293
545406;238
545414;321
545422;715
545431;984
545449;1567
545457;1986
545465;2897
545473;3025
545481;3526
545490;4147
545503;4290
545511;4370
545520;4523
545538;15522
545546;5533
545554;6201
545562;6306
545571;7576
545597;8430
545601;8713
545619;9112
545627;9531
545643;10404
545660;11121
545678;9178
545694;12478
545708;8627
545716;13439
545724;13586
545732;13614
545767;14274
545775;14280
545783;2729
545791;9311
545805;15167
545813;16062
545821;17785
545830;18123
545848;18899
545856;2904
545864;19304
545872;19369
545881;6052
545899;3460
545902;10789
545929;4291
545937;16167
545953;16168
545996;2050
546011;6019
546020;1521
546038;1545
546054;1786
546062;11697
546071;11957
546089;2271
546097;2310
546101;2386
546127;2440
546143;2569
546151;2574
546160;17259
546178;11757
546186;14445
546194;78
546216;11706
546232;7181
546259;7838
546267;17129
546275;15076
546283;16121
546291;3751
546305;3845
546330;7737
546348;15297
546364;4366
546372;9316
546381;4391
546399;792
546402;4558
546411;19194
546429;10189
546437;12523
546445;4907
546453;8850
546461;5163
546470;8531
546488;1745
546496;8851
546500;5757
546518;8705
546526;4132
546534;19149
546542;6320
546551;13812
546577;14432
546585;15130
546593;10559
546607;2599
546615;7753
546623;7916
546631;465
546658;14245
546666;8635
546674;8669
546691;8623
546712;8990
546721;14677
546755;7873
546763;4402
546771;6297
546780;1642
546798;10497
546801;10532
546810;5481
546828;12484
546844;10700
546852;2009
546861;2735
546879;8522
546887;18661
546895;1269
546909;8895
546917;12072
546925;15541
546933;1539
546941;2812
546950;6329
546968;12195
546976;4790
546984;440
546992;12572
547000;19737
547018;10141
547026;1669
547069;13937
547077;14603
547085;14034
547093;11815
547123;9696
547131;1553
547166;15036
547182;7187
547191;5938
547204;15432
547212;15459
547221;15637
547239;15696
547247;15785
547255;16453
547263;15819
547280;15914
547336;17023
547433;18405
547441;18492
547450;18760
547468;19024
547476;11820
547484;7685
547492;11891
547514;18905
547531;3851
547549;606
547565;8108
547581;877
547603;969
547638;1535
547646;4842
547654;16240
547662;1767
547689;1852
547701;5909
547719;1870
547727;5910
547735;1904
547743;1468
547751;5012
547760;2053
547778;2071
547786;5
547794;2261
547808;14224
547816;5835
547824;8314
547832;8316
547841;18903
547859;19041
547867;741
547875;8468
547883;4063
547891;15197
547905;14398
547913;4268
547921;2469
547930;4455
547948;4507
547956;4515
547964;15203
547972;5818
547981;11
547999;4932
548006;14851
548014;2650
548022;18521
548031;19439
548049;3824
548057;19740
548065;7416
548073;5949
548081;6104
548090;6224
548103;6234
548111;6257
548120;6473
548146;6724
548154;18742
548162;6885
548171;7075
548189;694
548197;10269
548201;7549
548219;7565
548227;7614
548235;8003
548243;19019
548251;3553
548260;9573
548278;1384
548286;6720
548308;7842
548316;9397
548324;14839
548332;8877
548341;15032
548359;4680
548367;9366
548375;5853
548383;9676
548391;9742
548405;9858
548413;14684
548421;14685
548430;363
548448;8270
548456;10501
548464;10788
548472;10871
548481;8272
548499;366
548502;11135
548511;11721
548529;6774
548537;6775
548545;12105
548553;11708
548561;12300
548570;14627
548588;10969
548596;18192
548600;12632
548618;7218
548626;19389
548634;4438
548642;1863
548651;16966
548669;2269
548677;18845
548685;5122
548693;5124
548707;5125
548715;14485
548723;8154
548731;14593
548740;14604
548758;8155
548766;14687
548774;14756
548782;14203
548791;17614
548804;278
548812;7703
548821;786
548839;16862
548847;16863
548855;1506
548863;9520
548871;1507
548880;15940
548898;14086
548901;2709
548910;4126
548928;5965
548936;16586
548944;6901
548952;1518
548961;15437
548979;756
548987;17557
548995;2072
549002;17739
549011;17838
549029;16695
549037;9721
549045;17971
549053;18051
549061;18135
549070;3887
549088;2959
549096;12375
549100;12452
549118;12453
549126;18462
549134;18759
549142;18775
549151;12456
549169;12457
549177;19031
549185;14609
549193;14611
549207;15476
549215;19627
549223;5543
549231;19715
549240;12075
549258;22
549266;266
549274;13945
549282;17176
549291;884
549304;930
549312;17178
549321;1757
549339;2382
549347;2417
549355;5233
549363;2688
549371;3219
549380;3241
549398;3844
549401;12688
549410;4793
549428;4809
549436;6871
549444;11002
549452;5563
549461;12488
549479;5918
549487;6482
549495;6673
549509;7020
549517;7138
549525;7258
549533;12637
549541;7691
549550;8151
549568;8077
549576;9467
549584;9550
549592;9572
549606;9619
549614;10063
549622;19586
549631;10108
549649;3602
549657;10431
549665;13950
549673;7339
549681;11224
549690;813
549703;11322
549711;11613
549720;13605
549738;12564
549746;16749
549754;12436
549771;13385
549789;3080
549797;13523
549801;13697
549827;13999
549835;1576
549843;14760
549851;14816
549860;14928
549878;15086
549886;1577
549894;4342
549908;4343
549916;9854
549924;9855
549932;16501
549941;14625
549959;15953
549967;650
549975;18083
549983;651
549991;18572
550001;18616
550019;4262
550027;18997
550035;19138
550043;19144
550051;7426
550060;19286
550078;16524
550086;17673
550094;13263
550108;7160
550116;637
550124;851
550132;3641
550141;9265
550159;1627
550167;2421
550175;7319
550183;3319
550191;9506
550205;4459
550213;10474
550221;4760
550230;4970
550248;5170
550256;6435
550264;5414
550272;1815
550281;5036
550299;15119
550302;1445
550311;3746
550329;7678
550337;7835
550345;7954
550353;7995
550361;8088
550370;3838
550388;5656
550396;8977
550400;660
550418;9122
550426;9395
550434;10170
550442;10394
550451;10522
550469;11748
550477;5294
550485;13763
550493;13803
550507;8537
550515;15338
550523;15569
550531;15668
550540;15712
550558;15997
550566;8898
550574;16420
550582;16685
550591;12527
550604;17206
550612;13850
550621;17609
550639;14325
550647;18208
550655;18267
550663;18329
550671;18473
550680;18917
550698;19065
550701;19217
550710;7222
550728;19250
550736;12113
550744;7734
550752;15461
550761;19639
550779;10146
550787;15591
550795;6891
550809;117
550817;187
550825;17787
550833;456
550841;4575
550850;524
550906;1739
550922;1895
550949;1961
550957;2329
550965;2348
550981;3124
551015;3171
551023;3227
551040;3286
551104;4555
551121;4616
551139;5111
551155;5410
551163;6071
551180;6192
551201;6452
551261;7314
551333;8195
551341;8538
551350;8624
551384;9072
551392;9240
551414;9509
551457;15831
551465;10341
551473;10085
551481;312
551490;3361
551503;2412
551520;10453
551538;13996
551546;3369
551554;10690
551562;11291
551571;11764
551589;4396
551597;3653
551601;10588
551619;12694
551627;13434
551635;13447
551643;13526
551651;5838
551660;13822
551678;13859
551686;12404
551694;1501
551708;2649
551716;14689
551724;9373
551732;1330
551741;14831
551759;15251
551767;1331
551775;15621
551783;17663
551791;15748
551805;4471
551813;15430
551821;17201
551830;16276
551848;5698
551856;16329
551864;2614
551872;3924
551881;11330
551899;17017
551902;9035
551911;15391
551929;16041
551937;17577
551945;14335
551953;18428
551961;18483
551970;18495
551988;18931
551996;18605
552003;1830
552011;16316
552020;3994
552038;460
552046;16470
552054;154
552062;458
552071;5234
552089;2848
552097;760
552101;766
552119;18026
552127;896
552135;1438
552143;1542
552151;14861
552160;12285
552178;3713
552186;2103
552194;15001
552208;2609
552216;8795
552224;2737
552232;8692
552241;2910
552259;18199
552267;14747
552275;3206
552283;3216
552291;3223
552305;16673
552313;3082
552321;3893
552330;5053
552348;9697
552356;66
552364;17542
552372;9261
552381;10506
552399;19585
552402;1592
552411;13411
552429;16031
552437;7433
552445;2476
552453;5303
552461;5341
552470;5359
552488;18457
552496;5547
552500;11860
552518;10491
552526;10490
552534;6117
552542;2714
552551;15449
552569;15529
552577;13646
552585;7081
552593;9078
552607;3023
552615;17984
552623;16928
552631;4446
552640;14505
552658;15104
552666;9127
552674;15793
552682;18892
552691;19413
552704;9672
552712;9738
552721;10069
552739;4440
552747;10331
552755;674
552763;10587
552771;3083
552780;8462
552798;10995
552801;11143
552810;3303
552828;12133
552836;3304
552844;11118
552852;12473
552861;12498
552879;17338
552887;15774
552895;13451
552909;9321
552917;13751
552925;13759
552933;13790
552941;13796
552950;16267
552968;16672
552976;13960
552984;16671
552992;13988
553000;11191
553018;14159
553026;17629
553034;14516
553042;9682
553051;3045
553069;14768
553077;14789
553085;14835
553093;3903
553107;971
553115;8144
553123;15106
553131;15170
553140;15322
553158;4081
553166;15887
553174;15888
553182;16090
553191;18181
553204;16221
553212;5686
553221;4654
553239;17120
553247;6937
553255;17613
553263;18043
553271;18068
553280;18205
553298;18341
553301;4685
553310;18406
553328;18427
553336;17079
553344;5658
553352;12618
553361;19072
553379;3020
553387;4640
553395;14003
553409;19382
553417;19582
553425;3085
553433;71
553441;162
553450;562
553468;17848
553476;10312
553484;14844
553492;19123
553506;1593
553514;1970
553522;19132
553531;2019
553549;2136
553557;2608
553565;12505
553573;3188
553581;3211
553590;16313
553603;5458
553611;8536
553620;3942
553638;16495
553646;2824
553654;4155
553662;4307
553671;4487
553689;4594
553697;17497
553701;9499
553719;7909
553727;5210
553735;5213
553743;5225
553751;5390
553760;323
553778;6301
553786;6467
553794;6606
553816;6857
553824;7123
553832;7590
553841;7833
553859;8293
553867;8697
553875;8718
553883;14237
553891;8931
553905;10012
553913;9237
553921;9355
553930;9356
553948;9450
553956;9595
553964;18044
553972;9266
553981;10007
553999;10046
554006;10284
554014;5634
554022;10416
554031;10434
554049;10980
554057;10774
554065;5651
554073;11639
554081;11813
554090;11862
554103;9698
554111;12286
554120;12293
554138;12616
554146;18023
554154;13669
554162;1792
554171;10754
554189;14391
554197;938
554201;14734
554251;15277
554260;15291
554278;15303
554294;15357
554316;15634
554341;16757
554359;16806
554383;17362
554391;17435
554405;17474
554413;17966
554421;18165
554448;18728
554456;18734
554464;18992
554472;19499
554481;5091
554499;52
554502;3039
554511;3250
554529;3464
554545;3807
554553;4764
554596;7663
554600;7937
554618;8161
554626;8443
554634;8815
554642;9158
554651;9481
554677;9750
554693;10174
554707;10770
554740;12162
554782;12702
554791;12198
554804;17487
554812;14810
554821;11352
554847;10002
554855;16883
554863;2875
554871;15792
554880;17085
554898;14139
554901;7563
554910;18576
554928;18001
554936;487
554944;10015
554952;11662
554961;6343
554979;1
554995;126
555029;675
555045;893
555088;3755
555134;11765
555169;4238
555177;4746
555185;4851
555193;16541
555207;5553
555215;5643
555223;17886
555231;15922
555240;14715
555258;6856
555266;10598
555274;10664
555282;7759
555291;5295
555304;7374
555312;7696
555347;7867
555363;9313
555380;10262
555398;10525
555428;11588
555444;11666
555452;11931
555479;12651
555525;13651
555533;14590
555550;15364
555584;15644
555592;15727
555614;16231
555622;16321
555631;16596
555657;16794
555681;17570
555690;17658
555703;17794
555711;18031
555738;18455
555762;19776
555771;6579
555797;331
555801;348
555835;712
555894;1530
555941;1822
556041;2564
556068;2633
556076;2653
556084;2705
556106;2834
556181;3727
556203;3908
556254;4185
556301;4727
556319;4742
556335;5063
556343;5132
556378;5461
556386;5466
556394;5713
556432;6439
556467;6841
556505;7584
556629;9139
556637;9244
556718;9809
556726;9825
556734;10066
556751;10152
556815;10442
556831;10845
556858;973
556866;8124
556874;12039
556882;13715
556912;11729
556921;12002
556947;12059
556955;12147
556963;15282
556971;14116
556980;14088
556998;5940
557005;13444
557013;13711
557021;14009
557030;14838
557048;9997
557081;16189
557099;15190
557102;656
557111;15309
557129;15626
557137;15680
557145;8905
557153;15960
557161;16030
557170;11342
557188;5732
557196;11856
557200;16462
557218;6740
557226;5635
557366;17793
557374;17883
557382;17953
557455;18628
557463;19133
557528;19606
557536;19690
557544;19693
557587;573
557641;2403
557650;2407
557668;2678
557676;2761
557684;2968
557722;4483
557731;4675
557749;4747
557773;5151
557781;5173
557803;5198
557838;5316
557846;5495
557862;6430
557871;6458
557897;6549
557943;7309
557951;8060
558001;8684
558010;8734
558028;8918
558044;9319
558052;9456
558061;9719
558079;9798
558095;10275
558109;10347
558117;10408
558125;10422
558141;10447
558176;10655
558184;11304
558231;12698
558249;13525
558257;13594
558265;13660
558290;14189
558303;14510
558311;14643
558346;15160
558362;15270
558371;15515
558389;15551
558401;15812
558419;81403
558427;16315
558435;16334
558443;81402
558460;17210
558486;17566
558494;18038
558559;18620
558567;18698
558583;19227
558591;19282
558605;19557
558630;19711
558656;384
558672;530
558699;1514
558711;1943
558745;2125
558770;2777
558788;2839
558796;2859
558800;2914
558834;3270
558851;3428
558869;3868
558877;4231
558885;4263
558915;4832
558931;5023
558940;5327
558966;5378
558974;5455
558982;5762
558991;6158
559008;6455
559016;16151
559024;6931
559032;6968
559041;7193
559059;7198
559067;7206
559075;7264
559083;7411
559091;7511
559105;7566
559121;7719
559130;7872
559148;7963
559164;8385
559172;8518
559202;9149
559211;9343
559237;9715
559245;10016
559253;10112
559261;10201
559270;10271
559288;10435
559300;10849
559318;10862
559326;11604
559334;11929
559351;12153
559369;12173
559377;12280
559393;13453
559423;14055
559431;14389
559482;16708
559491;16755
559504;16839
559521;17069
559555;17421
559563;17440
559571;17562
559580;17755
559601;18442
559628;18737
559661;19195
559679;19362
559695;19689
559709;19697
559717;14069
559725;1351
559733;1406
559741;1572
559750;1633
559768;1744
559776;2800
559792;3434
559806;3944
559814;4131
559822;4730
559849;4964
559857;5113
559903;6422
559911;6488
559920;6534
559946;8136
559954;8299
559962;8501
559997;9542
560006;9729
560014;10093
560057;11294
560081;12407
560111;13635
560120;13810
560146;14635
560162;15622
560171;1560
560189;16589
560197;3125
560201;10553
560219;12692
560227;17760
560235;18052
560243;3257
560251;18477
560260;19150
560278;10043
560286;15222
560294;1461
560308;1512
560316;1588
560324;1779
560332;2477
560341;2988
560359;3633
560367;4405
560375;5162
560383;5217
560391;7767
560405;6532
560413;6043
560421;6160
560430;9193
560448;189
560456;7226
560464;7268
560472;7329
560481;3883
560499;7862
560502;8169
560511;14507
560529;12468
560537;8651
560545;8662
560553;12470
560561;10557
560570;10668
560588;11096
560596;13413
560600;14153
560618;14214
560626;14029
560634;7417
560642;15472
560651;15764
560669;14873
560677;16256
560685;18240
560707;18672
560715;16491
560723;253
560740;369
560758;730
560782;1738
560804;1856
560812;2040
560839;2669
560855;3440
560863;3697
560898;4623
560901;5221
560910;5229
560928;6535
560952;6919
560979;7674
560987;3268
560995;14135
561002;8006
561011;8032
561029;16032
561037;18147
561045;8670
561053;135
561061;14032
561070;12099
561088;13566
561096;4071
561100;8372
561118;72
561126;158
561134;12128
561142;2052
561151;13611
561169;14264
561177;10495
561185;15466
561193;15475
561207;15636
561215;15783
561223;15817
561231;15950
561240;814
561258;16145
561266;17558
561274;4508
561282;8117
561291;16876
561304;17068
561312;1621
561321;9213
561339;5549
561347;9214
561355;16544
561363;19296
561371;7321
561380;2138
561398;368
561401;511
561410;566
561428;601
561436;12524
561444;997
561452;12302
561461;5679
561479;1808
561487;15798
561495;2821
561509;7260
561517;13412
561525;4478
561533;3329
561541;3366
561550;11223
561568;10790
561576;1557
561584;4073
561592;4331
561606;4382
561614;5153
561622;5338
561631;5621
561649;2425
561657;5719
561665;5906
561673;7633
561681;6264
561690;3666
561703;2430
561711;546
561720;7418
561738;7503
561746;7742
561754;3443
561762;2711
561771;18804
561789;14027
561797;6886
561801;1662
561819;10057
561827;9217
561835;9525
561843;15412
561851;10686
561860;10715
561878;10783
561886;10947
561894;10957
561908;19713
561916;11836
561924;2537
561932;2699
561941;13325
561959;12526
561967;11022
561975;19043
561983;13386
561991;13403
562009;14464
562017;13922
562025;14790
562033;17837
562041;17836
562050;15065
562068;2384
562076;15246
562084;7690
562092;15646
562106;15732
562114;15865
562122;9548
562131;16149
562149;9618
562157;10369
562165;19398
562173;17777
562181;12434
562190;12435
562203;17982
562211;15088
562220;18490
562238;18649
562246;19027
562254;16500
562262;19056
562271;5666
562289;18615
562297;19448
562301;18996
562319;4403
562327;16969
562335;2492
562343;43
562351;245
562360;10575
562378;15354
562386;3701
562394;2128
562408;2693
562416;438
562424;5509
562432;2997
562441;2998
562459;3753
562467;4365
562475;4393
562483;3865
562491;4560
562505;4380
562513;4895
562521;4952
562530;5448
562548;134
562556;5925
562564;6004
562572;6100
562581;6107
562599;17970
562602;3043
562611;7361
562629;18753
562637;8668
562645;7877
562653;12562
562661;8451
562670;12561
562688;6600
562696;10530
562700;9039
562718;9134
562726;87
562734;15695
562742;816
562751;9412
562769;5994
562777;14351
562785;4360
562793;14404
562807;3682
562815;3382
562823;15443
562831;4763
562840;3058
562858;16289
562866;19071
562874;17662
562882;17697
562891;17827
562904;4038
562912;17976
562921;18014
562939;18061
562947;18188
562955;7091
562963;5805
562971;5245
562980;415
562998;536
563005;700
563013;1449
563021;2059
563030;7515
563048;3069
563056;3259
563064;4181
563072;4877
563081;5072
563099;6076
563102;6168
563111;6211
563129;6562
563137;7150
563145;5412
563153;16946
563161;7622
563170;16152
563188;8190
563196;13795
563200;9101
563218;9228
563226;9254
563234;3218
563242;9603
563251;13792
563269;10950
563277;11696
563285;11940
563293;11956
563307;3217
563315;13618
563323;13828
563331;14067
563340;15285
563358;15719
563366;9126
563374;13639
563382;17261
563404;17757
563412;17800
563439;18189
563447;18364
563455;10593
563463;18658
563471;18703
563480;18746
563498;18781
563501;18811
563510;5597
563528;28
563536;136
563544;13788
563552;2557
563561;3273
563579;3520
563587;13789
563595;5700
563609;5841
563617;6006
563625;13958
563633;6153
563641;6728
563650;2640
563668;6974
563676;8513
563684;8757
563692;8825
563706;9030
563714;9200
563722;15884
563731;10579
563749;11912
563757;12158
563765;3199
563773;13742
563781;13808
563790;14434
563803;14902
563811;15132
563820;16502
563838;17875
563846;18343
563854;19105
563862;19307
563871;19622
563889;8203
563897;18069
563901;388
563919;462
563927;12500
563935;1618
563943;1763
563951;17018
563960;2284
563978;4460
563986;6610
563994;3012
564028;3509
564036;3631
564044;3819
564052;3897
564061;4034
564079;4399
564087;6680
564095;4739
564109;5354
564117;5384
564125;12181
564133;6051
564141;6749
564150;8313
564168;7396
564176;7547
564184;7650
564192;11739
564206;7938
564214;12295
564222;16132
564231;9760
564249;5375
564257;4194
564265;10652
564273;16133
564281;11001
564290;11278
564303;11917
564311;11949
564320;5409
564338;3239
564346;7942
564354;13630
564362;18529
564371;13944
564389;13758
564397;14471
564401;15183
564419;1768
564427;16057
564435;16073
564443;16074
564451;16171
564460;16252
564478;10162
564486;12388
564494;18259
564508;3368
564516;18346
564524;10344
564532;18715
564541;19256
564559;626
564567;8542
564575;147
564583;15486
564591;666
564605;3970
564613;991
564621;1289
564630;18549
564648;1508
564656;1561
564664;1583
564672;1806
564681;3164
564699;2033
564702;3121
564711;2410
564729;2489
564737;2631
564745;2788
564753;2818
564761;10809
564770;3168
564788;10812
564796;10813
564800;13628
564818;3386
564826;16718
564834;3444
564842;3925
564851;4236
564869;1388
564877;4626
564885;3103
564893;4815
564907;2345
564915;2766
564923;5212
564931;5224
564940;5322
564958;5334
564966;5336
564974;10802
564982;14775
564991;7581
565008;2731
565016;6469
565024;6545
565032;6608
565041;1487
565059;7067
565067;7213
565075;7605
565083;7608
565091;7874
565105;8080
565113;8143
565121;8257
565130;18747
565148;8297
565156;8310
565164;8312
565172;8337
565181;2543
565199;6809
565202;4759
565211;8767
565229;8770
565237;8879
565245;9058
565253;9202
565261;13604
565270;5687
565288;6331
565296;9730
565300;9739
565318;10025
565326;16456
565334;5019
565342;10613
565351;7233
565369;7236
565377;9098
565385;7189
565393;12190
565407;15102
565415;12450
565423;122
565431;12520
565440;6227
565458;12695
565466;9524
565474;13514
565482;13733
565491;13739
565504;14531
565512;17605
565521;13870
565539;15267
565547;14056
565555;14164
565563;8424
565571;18401
565580;12197
565598;14783
565601;14964
565610;15135
565628;18229
565636;14041
565644;9239
565652;13708
565661;14581
565679;15628
565695;15941
565709;16369
565717;16647
565725;18081
565733;4873
565741;16804
565750;4264
565768;16960
565776;17002
565784;5064
565792;17059
565806;17466
565814;17553
565822;6130
565831;17751
565849;17769
565857;17945
565865;18144
565873;18348
565881;18574
565890;18594
565903;18599
565911;18665
565920;15879
565938;19417
565946;19434
565954;19679
565962;19719
565971;8739
565989;3896
565997;492
566004;543
566012;554
566021;578
566039;6145
566047;7073
566055;796
566063;1511
566071;10417
566080;1594
566098;1595
566101;7834
566128;2589
566136;995
566144;6299
566152;3101
566161;17255
566179;4745
566187;4091
566195;4909
566209;10777
566217;4914
566233;5175
566241;5365
566250;10779
566276;3189
566284;7098
566292;9746
566306;7386
566314;7546
566322;7992
566331;9745
566349;8177
566357;8262
566365;1971
566373;15633
566381;8323
566390;5453
566403;8429
566411;8496
566420;2860
566438;8791
566446;2861
566454;9275
566462;8644
566471;7190
566489;7192
566497;18702
566501;10351
566519;10671
566527;10891
566535;11756
566543;7199
566551;11952
566560;11969
566578;12276
566586;12310
566594;17380
566608;12322
566616;12323
566624;12611
566632;3297
566641;15290
566659;13924
566667;14025
566675;18591
566683;3233
566691;18365
566705;790
566713;14999
566721;15111
566730;5454
566748;5457
566756;7197
566764;11602
566781;17765
566799;1637
566802;16645
566811;6240
566829;16791
566837;10308
566845;13811
566853;17140
566861;12186
566870;17772
566888;10982
566896;17985
566900;14378
566918;18231
566926;18603
566934;18654
566942;13906
566951;18855
566969;18769
566977;19192
566985;19473
566993;11616
567001;8113
567019;19750
567027;9959
567043;123
567051;204
567060;900
567078;903
567086;7964
567108;2291
567141;3802
567167;4177
567175;4303
567191;6635
567221;6961
567248;8507
567256;8604
567264;8657
567272;8721
567281;8932
567299;9044
567302;9169
567311;9360
567329;10602
567337;10875
567345;11830
567353;12522
567361;14870
567426;19593
567442;16600
567451;420
567469;825
567477;1670
567485;1734
567507;3338
567515;3371
567523;3652
567531;4591
567558;4811
567566;4816
567582;5833
567604;6540
567612;7066
567621;7096
567639;7526
567647;7888
567655;7984
567698;9322
567701;9418
567710;9771
567728;9830
567752;10687
567761;10923
567779;11298
567787;13310
567809;14310
567833;15293
567841;16036
567850;17409
567868;18939
567876;19432
567884;19699
567931;3036
567957;3639
567973;4167
568007;5049
568015;5179
568023;5473
568058;8341
568091;9048
568104;9069
568147;12009
568155;12681
568163;19651
568180;7543
568198;7545
568201;14503
568210;3749
568228;2475
568236;2541
568244;18669
568261;1555
568279;9406
568287;16516
568295;16572
568309;16711
568317;13801
568333;16311
568341;17316
568350;17868
568368;3950
568376;14043
568384;19372
568392;3050
568406;14972
568414;3782
568422;17866
568431;744
568449;19200
568457;693
568465;754
568473;19126
568481;285
568490;1818
568503;2124
568511;4561
568520;2366
568538;2657
568546;7728
568554;14382
568562;3854
568571;5650
568589;9153
568597;2940
568601;2974
568619;3266
568635;3548
568643;6448
568651;3647
568660;3796
568678;3829
568686;9993
568694;4009
568708;4315
568716;14856
568724;4679
568732;19640
568741;30
568759;5283
568767;5427
568775;13690
568783;5802
568791;15193
568805;5855
568813;13305
568821;6238
568830;14519
568848;6281
568856;6647
568864;3116
568872;5071
568881;6787
568899;7166
568902;7208
568911;9684
568929;7348
568937;7412
568945;7662
568953;7826
568961;18200
568970;7857
568988;7971
568996;8044
569003;8327
569011;8054
569020;8274
569038;8390
569046;8419
569054;19661
569062;8828
569071;9043
569089;9065
569097;9860
569101;17020
569119;1875
569127;9782
569135;1778
569143;7589
569151;10589
569160;10584
569178;659
569186;10965
569194;3627
569208;11013
569216;11029
569224;11707
569232;11712
569241;11837
569259;2986
569267;3940
569275;4361
569283;6495
569291;12464
569305;5422
569313;13343
569321;13569
569330;11621
569348;13624
569356;2190
569364;13836
569372;7449
569381;9552
569399;14239
569402;14370
569411;14390
569429;14628
569437;965
569445;18182
569453;17907
569461;14882
569470;14903
569488;15016
569496;12433
569500;4329
569518;15200
569526;9518
569534;15770
569542;4454
569551;10618
569569;16051
569577;1323
569585;16282
569593;16405
569607;1650
569615;16705
569623;16880
569631;16067
569640;17276
569658;17476
569666;3879
569674;18004
569682;18096
569691;18132
569704;18139
569712;18197
569721;18201
569739;18399
569747;18653
569755;16830
569771;15927
569780;19564
569798;4337
569801;19759
569810;4687
569828;61
569836;89
569844;8935
569852;193
569861;208
569879;558
569887;597
569895;2743
569909;5504
569917;2023
569925;2062
569933;2401
569941;2625
569950;1976
569968;2774
569976;2816
569984;3003
569992;3648
570001;3992
570010;4002
570028;4129
570036;18115
570044;4536
570052;4732
570061;16295
570079;17211
570087;4931
570095;18848
570109;5180
570117;18180
570125;5478
570133;5836
570141;3261
570150;6318
570168;6542
570176;6983
570184;6984
570192;7250
570206;7414
570214;7705
570222;7988
570231;8110
570249;8172
570257;8307
570265;8348
570273;8349
570281;15535
570290;8497
570303;8638
570311;8641
570320;8763
570338;19165
570346;5702
570354;8922
570362;8927
570371;17484
570397;9307
570401;9731
570419;9826
570427;10080
570435;10095
570443;10221
570451;10247
570478;10339
570494;10639
570508;10716
570516;10928
570524;11035
570532;11305
570541;11309
570567;12012
570575;12091
570648;13288
570656;13291
570672;13429
570681;13529
570702;13738
570711;13776
570729;13844
570745;14163
570753;13312
570761;17410
570770;8723
570788;898
570796;14740
570800;14793
570818;2457
570826;6985
570834;14896
570842;18232
570851;15067
570869;15094
570877;15108
570885;15126
570893;10879
570907;15264
570915;15405
570923;13467
570931;15545
570940;3019
570958;15577
570966;15758
570974;6854
570982;17185
570991;1805
571008;16182
571016;16203
571024;16543
571032;11874
571041;16945
571059;17075
571067;3137
571075;6669
571083;18218
571091;18743
571105;18767
571113;18808
571121;10460
571130;19033
571148;14112
571156;10328
571164;5429
571172;6746
571181;324
571199;972
571202;683
571211;6634
571229;819
571237;866
571245;1656
571253;1795
571261;7875
571270;1833
571288;9765
571296;2260
571300;2533
571318;14019
571326;8379
571334;8381
571342;16160
571351;17323
571377;3708
571385;3873
571393;3930
571407;3955
571415;5271
571423;19298
571431;18598
571440;4112
571458;4172
571466;4198
571474;4251
571482;4614
571491;4829
571504;4847
571512;7803
571521;7804
571539;5379
571547;5426
571555;8491
571563;5844
571571;6266
571580;6526
571598;19040
571601;8347
571610;6763
571628;7026
571636;1645
571644;3122
571652;7369
571661;7507
571679;10811
571687;17048
571695;8050
571709;8057
571717;18281
571725;8294
571733;8315
571741;17036
571750;8784
571768;8890
571776;8925
571784;10362
571792;7200
571806;10583
571814;19237
571822;9388
571831;9592
571849;5479
571857;9705
571865;6131
571873;9836
571881;6133
571890;10098
571903;10104
571911;10163
571920;10630
571938;13665
571946;950
571954;15889
571962;11208
571971;7366
571989;2813
571997;6132
572004;11922
572012;7132
572021;18566
572039;12370
572047;7840
572063;12502
572071;13280
572080;13318
572098;13339
572101;13424
572110;13515
572128;18595
572136;19767
572144;19768
572152;13926
572161;14114
572179;14119
572187;19769
572195;19629
572209;14523
572217;14532
572225;14646
572233;1751
572241;14916
572250;1418
572268;14979
572276;15196
572284;3725
572292;18575
572306;15580
572314;15752
572322;15849
572331;16070
572349;16158
572357;2563
572365;4450
572373;12605
572381;16731
572390;16812
572403;16852
572411;17073
572420;17146
572438;5755
572446;17329
572454;17694
572462;17737
572471;17762
572489;18219
572497;18262
572501;18465
572519;476
572527;18500
572535;18586
572543;18732
572551;18788
572560;85
572578;19036
572586;168
572594;9416
572608;9841
572616;9844
572624;17554
572632;804
572641;19783
572659;5954
572667;110
572675;146
572683;2607
572691;4723
572705;593
572713;5786
572721;11150
572730;5187
572748;6324
572756;16692
572764;5237
572772;1690
572781;1747
572799;5300
572802;5569
572811;2346
572829;2592
572837;2707
572845;7910
572853;6428
572861;7618
572870;13718
572888;17366
572896;14384
572900;4124
572918;4133
572926;4516
572934;15537
572942;12180
572951;12451
572969;5242
572977;15506
572985;15508
572993;5851
573001;5964
573019;15557
573027;15268
573035;19223
573043;6708
573051;6900
573060;6929
573078;19731
573086;8490
573094;7933
573108;8167
573116;8329
573124;8352
573132;15494
573141;8883
573159;8923
573167;9180
573175;9466
573183;9503
573191;15263
573205;9689
573213;9724
573221;14050
573230;10327
573248;10512
573256;9726
573264;11300
573272;11572
573281;11626
573299;11869
573302;9725
573311;12366
573329;12374
573337;13780
573345;12454
573353;17811
573361;15168
573370;13782
573388;4530
573400;6649
573418;15825
573426;37
573434;8098
573442;14610
573451;14632
573469;14985
573477;15149
573485;8036
573493;15209
573507;15382
573515;13717
573523;15477
573531;599
573540;15756
573558;3828
573566;5799
573574;5801
573582;10586
573591;13623
573604;13625
573612;17013
573621;8171
573639;17114
573647;17179
573655;17251
573663;17266
573671;17315
573680;17386
573698;17416
573701;17653
573710;13286
573728;17813
573736;18173
573744;13289
573752;18291
573761;18466
573779;9221
573787;6616
573795;18660
573809;18835
573817;4200
573825;19612
573833;19650
573841;19683
573850;19770
573868;10126
573876;11923
573884;359
573892;646
573906;771
573914;876
573922;1276
573931;1343
573949;14113
573957;2006
573965;2110
573973;2126
573981;2162
573990;2168
574007;6697
574015;2841
574023;3006
574031;3822
574040;3850
574058;3860
574066;4387
574074;4528
574082;4837
574091;19761
574104;11598
574112;5510
574121;5733
574139;5767
574147;5908
574155;5919
574163;14362
574171;7631
574180;8105
574198;11785
574201;11042
574210;8984
574228;9216
574236;9363
574244;9368
574252;9369
574261;10123
574279;10644
574287;10734
574295;10784
574309;337
574317;11660
574325;3623
574333;13797
574341;12532
574350;13388
574368;13571
574376;13941
574384;14292
574392;14622
574406;14438
574422;14976
574431;15002
574449;19073
574457;15040
574465;15483
574481;15854
574490;15933
574511;16290
574538;16639
574546;16895
574554;17795
574562;17841
574571;17926
574589;17977
574597;18187
574601;18407
574627;18663
574635;18812
574643;18839
574651;18936
574660;19069
574686;19518
574694;19552
574708;19659
574724;90
574741;357
574767;617
574783;758
574791;988
574805;1377
574813;1605
574821;1606
574830;1612
574848;1723
574856;1955
574864;1958
574899;2479
574902;2845
574911;3008
574929;3013
574953;3312
574961;3895
574988;4114
574996;4298
575011;4401
575046;4823
575054;5236
575062;5301
575071;16569
575089;5538
575097;5568
575101;5680
575119;5752
575127;5812
575135;5837
575143;5937
575151;6426
575178;6541
575194;6790
575232;7057
575259;7882
575305;8291
575313;8433
575330;8585
575372;9437
575381;9818
575399;9848
575429;11155
575437;11632
575445;11633
575461;12289
575470;12290
575500;13456
575518;13464
575526;13469
575534;13719
575542;13764
575551;14044
575569;14052
575577;14107
575593;14385
575607;14478
575615;14714
575623;14731
575640;14767
575658;15049
575666;15245
575682;15307
575704;15436
575712;15441
575721;15478
575739;15507
575755;15558
575763;15631
575771;16085
575780;16140
575810;16696
575828;16900
575844;17159
575861;17243
575879;17297
575887;17330
575909;17368
575917;17468
575925;17676
575933;17695
575941;17805
575968;18064
575984;18369
575992;18479
576000;18821
576018;18847
576026;19225
576042;19459
576051;19733
576069;14410
576077;17
576085;74
576093;98
576107;471
576115;619
576123;704
576131;761
576140;781
576166;1664
576174;1726
576182;1862
576191;1978
576204;2020
576212;2265
576221;2335
576247;2581
576263;2719
576271;2749
576280;2763
576301;3142
576310;5120
576328;5692
576336;5781
576352;6016
576361;7019
576387;7035
576395;7117
576409;7261
576425;7819
576433;7966
576441;8153
576450;8252
576468;8359
576476;8394
576492;8885
576506;8909
576522;9821
576549;19
576557;10890
576565;10926
576573;11046
576581;11038
576590;11195
576603;11219
576611;11281
576620;11881
576654;12339
576662;12493
576671;12650
576689;13470
576701;14105
576727;14387
576735;14555
576743;14708
576751;14718
576778;14910
576786;14977
576794;15141
576808;15242
576816;16181
576824;16835
576832;16967
576841;17196
576859;17242
576875;17616
576883;17678
576891;18422
576921;19091
576930;19226
576948;19264
576956;19522
576964;14724
576972;160
576981;213
576999;247
577006;874
577014;899
577031;1608
577049;1663
577057;2398
577073;3662
577081;3723
577111;4094
577120;4258
577146;4857
577154;5483
577162;5592
577171;5897
577189;5902
577197;5995
577201;6157
577219;6332
577227;6648
577235;7093
577243;7519
577294;8350
577308;8675
577316;9558
577324;9794
577332;10020
577341;10580
577359;10933
577367;11039
577375;11043
577391;11953
577405;12568
577413;13468
577421;13603
577430;13841
577448;13904
577456;14090
577464;14117
577472;14208
577481;14258
577499;14256
577529;14935
577545;15723
577553;15827
577561;16115
577570;16185
577596;16520
577600;16858
577626;17160
577642;18056
577651;18178
577669;18312
577677;18725
577685;18774
577693;18830
577707;19009
577723;19654
577731;16095
577774;209
577812;639
577821;642
577839;772
577863;992
577871;1407
577898;1423
577910;1544
577928;1666
577936;1749
577944;2400
577961;2603
577979;12661
577987;2643
577995;3029
578002;7665
578011;5214
578029;10266
578037;3744
578045;7392
578053;4211
578061;713
578070;2949
578088;7582
578096;5272
578100;5304
578118;5339
578126;5388
578134;5695
578142;5725
578151;5748
578169;5754
578177;7154
578185;5808
578193;5932
578207;6241
578215;6279
578223;10067
578231;6759
578240;19273
578258;6955
578266;6963
578274;7587
578282;7714
578291;7827
578304;7925
578312;12148
578321;17397
578339;8386
578347;8567
578355;8801
578363;9000
578371;9094
578380;9334
578398;9417
578401;9692
578410;11728
578428;9840
578436;14963
578444;9880
578452;10233
578461;16460
578479;11009
578487;11145
578495;2391
578509;11310
578517;3097
578525;19595
578533;10438
578541;5760
578550;12467
578568;9797
578576;12535
578584;12555
578592;9799
578606;17208
578614;18619
578622;13607
578631;13682
578649;13689
578657;13785
578665;5021
578673;14047
578681;14226
578690;14247
578703;14333
578711;14409
578720;14584
578738;14638
578746;14694
578754;14824
578762;14967
578771;6765
578789;15448
578797;16375
578801;15532
578819;15604
578827;19017
578835;15902
578843;16114
578851;16266
578860;16412
578878;16570
578886;16874
578894;16885
578908;16935
578916;17404
578924;17766
578932;17998
578941;18169
578959;18252
578967;18264
578975;18546
578983;19696
578991;18798
579009;10092
579017;9350
579025;16902
579033;9351
579041;115
579050;275
579068;400
579076;413
579084;9352
579092;785
579106;1975
579114;2067
579122;2874
579131;13601
579149;2902
579157;2927
579165;2942
579173;2991
579181;3127
579190;3337
579203;3396
579211;3673
579220;3799
579238;4259
579246;16853
579254;4305
579262;4348
579271;4363
579289;16854
579297;4577
579301;4899
579319;5325
579327;5364
579335;5492
579343;13602
579351;5723
579360;15231
579378;6137
579386;6575
579394;6754
579408;6770
579416;7701
579424;7706
579432;7890
579441;7912
579459;1803
579467;14819
579475;8300
579483;8338
579491;18539
579505;9036
579513;9056
579530;9196
579548;9680
579556;9979
579564;10320
579581;11863
579599;12061
579602;13326
579629;13883
579637;14314
579645;14342
579661;15413
579696;15664
579726;15930
579734;16109
579742;16309
579751;16861
579769;16997
579777;17465
579785;17938
579793;17983
579815;18275
579823;18377
579831;18386
579858;18630
579866;19309
579874;19424
579891;17527
579947;927
579963;1515
579971;1675
579980;1790
579998;1952
580015;2076
580023;2167
580031;2175
580040;2256
580058;2263
580066;2270
580074;2468
580091;2786
580112;2888
580121;2891
580147;2955
580163;2977
580210;3433
580228;3820
580261;4001
580279;4269
580295;4292
580325;4412
580333;4448
580341;4875
580350;5197
580376;5619
580392;5662
580406;5788
580414;5819
580422;6267
580431;6572
580465;6803
580481;7255
580490;7320
580503;7749
580511;7892
580538;8066
580562;8185
580571;8374
580589;8509
580619;8805
580627;8886
580635;8902
580643;9606
580651;9699
580660;9983
580678;10164
580686;10273
580694;10300
580708;10760
580716;11215
580724;11222
580732;11599
580741;11705
580759;11823
580767;12014
580775;12067
580783;12182
580805;12389
580821;13638
580830;13693
580848;14350
580872;14535
580881;14536
580902;14648
580929;14852
580945;14968
580961;15244
580970;15316
580988;15663
580996;15824
581003;15876
581011;15890
581038;16227
581046;16518
581054;16549
581062;16726
581071;17046
581089;17394
581101;17863
581119;18008
581127;18383
581143;18423
581151;18516
581178;18765
581186;18822
581194;18966
581208;19030
581216;19074
581224;19095
581232;19102
581259;19436
581267;19446
581275;19691
581283;501
581291;4
581313;137
581321;191
581330;236
581356;770
581364;826
581372;832
581381;1300
581402;1305
581429;1409
581437;1601
581445;1607
581453;1611
581461;1652
581470;1766
581496;1982
581500;2060
581518;2576
581526;2641
581534;5428
581542;3132
581551;3253
581569;3645
581577;3965
581593;4040
581615;4136
581631;4384
581666;5589
581682;5815
581721;6688
581739;6714
581755;6970
581763;7112
581771;7151
581780;7404
581798;7438
581801;7617
581810;7669
581828;7673
581836;7704
581844;7715
581852;7726
581861;7727
581879;7743
581887;7927
581909;7949
581917;8071
581925;8114
581933;8119
581941;8120
581950;8469
581968;8483
581976;8665
581992;8787
582018;8966
582026;9001
582034;9011
582042;9024
582069;9404
582077;9507
582085;10302
582107;10841
582115;10864
582123;10944
582131;10958
582158;11041
582166;11095
582174;11311
582182;11606
582191;11752
582204;11976
582212;12015
582221;13381
582239;13890
582247;13891
582255;13951
582263;14045
582271;14231
582280;14236
582298;14323
582310;14640
582328;14743
582336;14799
582344;14865
582352;15066
582379;15688
582395;15873
582409;15931
582417;15945
582433;16088
582441;16094
582450;16175
582468;16218
582476;16226
582484;16293
582492;16324
582506;16511
582531;17333
582557;17391
582565;17463
582573;17477
582581;17660
582590;17683
582603;17726
582611;17728
582620;15868
582646;17923
582654;18203
582662;18253
582671;18424
582689;18543
582701;18783
582727;19181
582735;19291
582743;19519
582751;19553
582760;19655
582778;19665
582786;1000
582794;69
582808;70
582824;455
582832;475
582841;557
582859;580
582875;934
582883;956
582891;1411
582913;1876
582921;2122
582930;2437
582948;2485
582956;2928
582964;3079
582972;3210
582999;3654
583014;3841
583022;3918
583031;4077
583057;4566
583065;4668
583081;4883
583090;5030
583111;5459
583120;5572
583154;5797
583171;6027
583189;6109
583197;6300
583201;6485
583219;6747
583227;7128
583235;7413
583243;7758
583251;7765
583260;7947
583278;7968
583286;7989
583294;8019
583308;8583
583316;8680
583324;8904
583332;9087
583341;9091
583359;9194
583367;9259
583375;9278
583383;9309
583391;9793
583405;9819
583413;9850
583421;9889
583430;9905
583448;9998
583456;10183
583464;10281
583472;10305
583481;10372
583499;10383
583502;10565
583511;10604
583529;10907
583537;10943
583545;11119
583553;11152
583561;11261
583588;11318
583596;11339
583600;11610
583634;12425
583651;12585
583669;12587
583677;12690
583685;12691
583693;13301
583707;13395
583715;13563
583723;13578
583731;13626
583740;13831
583758;13892
583766;13895
583774;14000
583782;14122
583791;14223
583804;14329
583821;14544
583839;14554
583847;14758
583855;14781
583863;14784
583880;15214
583898;15219
583901;15365
583910;15743
583928;16010
583936;16183
583944;16237
583952;16279
583961;16350
583979;16576
583987;16686
583995;16667
584002;16737
584011;16805
584029;16871
584037;17197
584045;17390
584053;17400
584061;17464
584070;17546
584096;17763
584100;18130
584118;18131
584126;18236
584134;18441
584142;18456
584151;18540
584169;18707
584177;18832
584185;19047
584193;19058
584207;19111
584215;19180
584223;19211
584231;19412
584240;19472
584266;19596
584274;19610
584282;19670
584291;1358
584304;120
584321;711
584339;759
584347;815
584355;1264
584363;1309
584371;1390
584380;1616
584401;2613
584410;2725
584428;2896
584436;3033
584444;3252
584452;3943
584461;4244
584479;4457
584487;4870
584495;4986
584517;5570
584525;5936
584541;6614
584550;6640
584568;6745
584576;7058
584584;7521
584592;7594
584622;7911
584631;7982
584649;9419
584657;9521
584665;9879
584673;9925
584681;9928
584703;10306
584711;10455
584720;10486
584746;10697
584754;10786
584762;11822
584771;11839
584789;11924
584797;12383
584801;12486
584819;12575
584835;12672
584843;13531
584851;13633
584860;13920
584878;14678
584894;15487
584908;15488
584916;15589
584924;16191
584932;16268
584941;17202
584959;17232
584967;17281
584975;17669
584983;17867
584991;17880
585009;17922
585017;17924
585025;18330
585033;18551
585041;18596
585050;19034
585068;3556
585076;478
585092;657
585106;967
585114;1306
585131;1469
585149;1483
585157;2571
585165;2727
585173;2953
585181;3139
585190;3254
585203;3274
585211;3535
585220;3690
585238;3695
585246;4328
585254;4578
585262;4824
585271;4916
585289;5031
585301;5768
585319;5898
585327;6303
585343;6434
585432;8698
585441;8844
585459;8857
585467;8897
585483;8913
585491;8988
585505;10070
585513;10157
585521;10167
585530;10218
585548;10219
585556;10415
585599;11673
585611;12384
585661;13393
585670;13728
585726;14630
585734;14710
585751;15008
585769;15061
585777;15079
585793;15286
585807;16196
585815;16206
585831;16394
585858;16759
585866;16827
585874;17253
585882;17369
585891;17631
585912;17967
585921;18058
585939;18319
585955;18327
585963;18384
585971;18716
585980;18831
585998;18974
586005;9508
586013;19772
586021;4041
586030;40
586048;531
586056;534
586064;16217
586072;1591
586081;1727
586099;1894
586102;1900
586111;1942
586129;2463
586137;2870
586145;3060
586153;3236
586161;3358
586170;4637
586188;4854
586196;4860
586200;5048
586218;5790
586226;5950
586234;6149
586242;6326
586251;6477
586269;6684
586277;7031
586285;7195
586293;7805
586307;7843
586315;7885
586323;8436
586331;8720
586340;8764
586358;8934
586366;9042
586374;9414
586382;9515
586391;9852
586404;9923
586412;10044
586421;10165
586439;10259
586447;10336
586455;10509
586463;10785
586471;11611
586480;11977
586498;13402
586501;13746
586510;13990
586528;14038
586536;14804
586544;14840
586552;15215
586561;15516
586579;15536
586587;15665
586595;15686
586609;15881
586617;15928
586625;16009
586633;16184
586641;16205
586650;16509
586668;16587
586676;16654
586684;17198
586692;17337
586706;17593
586714;17858
586722;18072
586731;18109
586749;18403
586757;18420
586765;18517
586773;18674
586781;19426
586790;19462
586803;19496
586811;19601
586820;19642
586838;19645
586846;5967
586854;42
586862;114
586871;8458
586889;461
586897;490
586901;648
586919;14327
586927;800
586943;1295
586951;1348
586960;8408
586978;1740
586986;1752
586994;18326
587001;2013
587010;2637
587028;2740
587036;2746
587044;2887
587052;6337
587061;3035
587079;3145
587087;3370
587095;3385
587109;3419
587117;18183
587125;3881
587141;4027
587150;4069
587168;4282
587176;13928
587184;779
587192;4572
587206;4358
587214;10055
587222;4920
587231;10056
587249;5661
587257;19114
587265;5850
587273;5939
587281;5946
587290;5992
587303;6049
587320;6216
587338;6226
587346;6255
587354;15947
587362;6274
587371;6576
587389;6713
587397;17334
587401;7012
587419;7053
587427;7171
587435;7220
587443;7401
587451;8138
587460;2453
587478;8870
587486;9138
587494;9187
587508;9348
587516;9375
587524;9489
587532;9545
587541;10005
587559;10054
587567;10058
587575;10110
587583;10426
587591;10526
587605;8681
587613;11108
587621;11146
587630;11264
587648;11651
587656;11754
587664;2943
587672;11763
587681;11841
587699;10160
587702;12140
587711;12549
587729;10798
587737;3011
587745;13676
587753;3533
587761;13798
587770;3867
587788;13931
587796;14049
587800;14229
587818;14375
587826;14388
587834;14476
587842;10595
587851;14556
587869;14110
587877;14651
587885;14683
587893;14200
587907;7651
587915;15344
587923;15389
587931;15560
587940;15586
587958;15791
587974;17855
587982;15901
587991;16123
588008;16248
588016;16065
588024;16554
588032;17076
588041;17077
588059;12551
588067;17469
588075;17482
588083;17681
588091;17684
588105;17696
588113;17949
588121;18111
588130;18141
588148;18142
588156;18185
588164;18488
588172;18777
588181;18833
588199;18846
588202;18924
588211;19145
588229;19146
588237;17715
588245;19229
588253;19292
588261;19411
588270;19494
588288;19560
588296;7483
588300;104
588318;201
588326;380
588334;12320
588342;2944
588377;1336
588385;1379
588393;1711
588407;1762
588431;3310
588458;4097
588474;4324
588482;4620
588491;4930
588504;5269
588512;5423
588521;5450
588547;5519
588555;5683
588563;5731
588598;6862
588601;6966
588610;7029
588628;7732
588636;7763
588644;7818
588652;7870
588661;7985
588695;8527
588709;8725
588717;8802
588725;8849
588733;8914
588741;9210
588750;9616
588768;9926
588784;10303
588806;10465
588814;10503
588822;11307
588831;11719
588849;11735
588865;12312
588873;12379
588890;13297
588903;13399
588920;13900
588938;13962
588946;14148
588954;14150
588962;14366
588971;14463
588989;14822
588997;15029
589004;15188
589039;15786
589047;15813
589055;15948
589080;16869
589098;16970
589110;17335
589128;18133
589136;18313
589152;18978
589161;19103
589187;19167
589195;19268
589217;19330
589225;19435
589233;19641
589250;13349
589268;133
589276;453
589284;480
589292;649
589306;864
589314;1270
589322;1273
589331;1481
589349;1532
589357;1580
589365;1882
589381;1892
589390;1931
589403;1934
589420;2594
589438;2734
589446;2736
589454;3048
589462;3152
589489;3301
589497;3430
589501;3989
589519;4443
589527;4670
589535;4802
589543;4861
589560;5024
589578;5571
589586;5859
589594;6492
589608;6612
589616;6656
589624;6909
589632;7015
589641;7129
589659;7244
589667;7520
589675;7920
589683;8042
589691;8460
589705;8846
589713;9050
589721;9929
589730;9987
589748;10053
589756;10304
589764;10439
589772;10466
589799;10857
589802;10936
589811;10941
589829;11111
589837;11126
589845;11644
589853;11655
589870;11920
589888;12116
589896;12196
589918;13370
589926;13382
589934;13465
589942;13658
589951;13907
589969;13919
589977;14249
589993;14805
590002;14892
590011;14982
590029;15124
590045;15288
590053;15528
590061;15549
590070;15655
590088;15912
590096;16415
590100;16754
590118;17199
590126;17472
590134;18145
590142;18149
590151;18263
590177;18553
590185;18582
590193;18638
590207;18675
590215;18893
590223;19238
590240;19584
590266;16973
590274;63
590282;76
590304;256
590312;481
590321;532
590347;682
590363;947
590371;1297
590380;1444
590401;1546
590410;1558
590428;1773
590436;1850
590444;1883
590452;1891
590461;2070
590479;2356
590487;2375
590495;2378
590509;2389
590517;2452
590525;2532
590533;2572
590550;3034
590568;3054
590576;3381
590584;3745
590592;3836
590614;3964
590622;4061
590631;4293
590649;4452
590657;4458
590665;4475
590673;4846
590681;4887
590690;5018
590703;5133
590711;5159
590746;5655
590754;5750
590762;5765
590789;5822
590797;6075
590801;6276
590819;6465
590827;6490
590835;6666
590843;6700
590851;6780
590860;6786
590878;6873
590886;6904
590894;7059
590908;7127
590916;7159
590941;7248
590959;7310
590967;7439
590975;7482
590983;8016
590991;8020
591009;8023
591025;8085
591041;8425
591068;8589
591092;8728
591114;9188
591122;9223
591149;9376
591157;9438
591165;9711
591173;9805
591181;9890
591190;10059
591211;10156
591220;10159
591238;10461
591246;10568
591254;10679
591262;10800
591289;10918
591297;10945
591301;10977
591319;11147
591327;11201
591335;11337
591360;12016
591378;12040
591394;12528
591408;12588
591416;12684
591424;13416
591432;13426
591441;13520
591459;13580
591491;13670
591505;13700
591521;13734
591548;13804
591556;13830
591564;13851
591581;13932
591602;14053
591611;14099
591629;14186
591637;14326
591645;14573
591661;14753
591688;14993
591700;15011
591726;15122
591742;15526
591769;15829
591777;15858
591785;15874
591793;16011
591807;16224
591815;16331
591823;16351
591831;16510
591840;16828
591858;16948
591866;16963
591874;17659
591904;18323
591912;18361
591939;18752
591947;19022
591955;19098
591963;19118
591980;19380
591998;19600
592005;17284
592013;65
592021;86
592030;451
592048;697
592056;797
592064;798
592072;1380
592081;1459
592099;1470
592102;1562
592111;1713
592137;1860
592145;2983
592153;3264
592170;3990
592188;4359
592196;4565
592200;4672
592218;4999
592226;5659
592234;5684
592251;6478
592269;6710
592277;6880
592285;6969
592293;7003
592307;7088
592323;7693
592340;8683
592366;9263
592382;9608
592391;9784
592404;10213
592412;10214
592421;10441
592439;10467
592447;11265
592455;11617
592463;11620
592471;11635
592480;11825
592498;12115
592501;12426
592510;12525
592528;12586
592536;13282
592552;14324
592561;14596
592579;15027
592587;15440
592609;15500
592617;15611
592625;15773
592633;15861
592641;15903
592650;15978
592668;15991
592676;16423
592692;16777
592706;16802
592714;17122
592722;17155
592731;17298
592749;17313
592757;17405
592773;17688
592781;17729
592790;17767
592803;17791
592820;18389
592838;18885
592846;18983
592854;19299
592862;19324
592871;19724
592889;18857
592897;600
592901;603
592919;859
592927;939
592935;1412
592943;1516
592978;2595
592986;2730
592994;3235
593001;3255
593010;3272
593028;3640
593036;3948
593044;4023
593052;4570
593061;4622
593079;4872
593087;5014
593095;5517
593117;5584
593125;5948
593141;6733
593150;6782
593168;6890
593184;7212
593192;7318
593214;7588
593222;7648
593231;7649
593249;7689
593257;8069
593265;8765
593273;8908
593281;8967
593290;9097
593320;9465
593338;9504
593346;9906
593354;9996
593371;10290
593389;10317
593397;10318
593401;10325
593419;10374
593427;10433
593435;10476
593443;10662
593460;11259
593478;11657
593486;12382
593494;13401
593508;13691
593516;13737
593524;13879
593532;13956
593559;14192
593567;14364
593583;15030
593591;15148
593605;15860
593613;16204
593621;16452
593630;16775
593648;17123
593656;17730
593664;17733
593681;17789
593699;19212
593702;19272
593711;19341
593729;88
593737;142
593745;379
593753;486
593761;500
593770;568
593788;667
593796;688
593800;765
593818;849
593826;888
593834;937
593842;1492
593851;1783
593869;1804
593877;1901
593885;1969
593893;2024
593907;2467
593923;2682
593931;2791
593958;2849
593966;2895
593974;3414
593982;3416
593991;3417
594008;3431
594016;3621
594024;3805
594032;3878
594041;3966
594059;4000
594067;4039
594075;4261
594083;4284
594091;4286
594105;4310
594113;4567
594121;4574
594130;4643
594148;4734
594156;4880
594164;5488
594172;5528
594181;5667
594199;5753
594202;5935
594211;5942
594229;6105
594237;6196
594253;6953
594261;7425
594270;7441
594288;7595
594296;7688
594300;7695
594318;7855
594326;7889
594334;7986
594342;8017
594351;8024
594369;8535
594377;8634
594385;8804
594393;8899
594407;8971
594415;9224
594423;9258
594431;9439
594440;9490
594458;9537
594466;9539
594474;9846
594482;9912
594512;10166
594521;10307
594555;10981
594563;10993
594571;11012
594580;11137
594598;11320
594601;11831
594610;12017
594628;12155
594636;12378
594644;12411
594652;12412
594679;12696
594687;13299
594695;13314
594709;13346
594725;14016
594733;14228
594741;14330
594750;14402
594768;14794
594776;14969
594784;15078
594792;15347
594806;15512
594814;15564
594822;15588
594831;15744
594849;15921
594865;16190
594873;16201
594881;16207
594890;16387
594903;16424
594911;16425
594920;16512
594938;16525
594946;16669
594954;16842
594962;16855
594971;16886
594989;17144
594997;17200
595004;17283
595012;17371
595021;17430
595039;17674
595047;17753
595055;17997
595063;18128
595071;18260
595080;18314
595098;18541
595101;18555
595110;18558
595128;18612
595136;18770
595144;18785
595152;19057
595161;19157
595179;19602
595187;19660
595195;19666
595209;19523
595217;84
595241;555
595250;560
595268;585
595276;588
595284;602
595292;608
595306;640
595314;742
595322;788
595331;789
595349;1386
595357;1391
595365;1393
595381;1480
595390;1522
595403;1575
595411;1695
595420;1721
595438;1980
595446;2066
595454;2446
595462;2473
595471;2661
595489;2706
595501;2908
595519;2957
595527;2966
595535;3009
595551;3138
595560;3176
595578;3532
595586;3710
595594;3835
595608;3866
595624;4028
595641;4247
595659;4334
595667;4341
595675;4395
595683;4398
595705;5160
595713;5182
595721;5183
595730;5625
595748;5771
595756;5668
595772;6023
595802;6141
595811;6191
595829;6197
595837;6232
595845;6327
595853;6690
595861;6959
595870;7106
595888;7173
595896;7371
595900;7377
595918;7644
595926;7645
595934;7652
595951;7668
595969;7699
595977;7718
595985;7768
595993;7769
596001;7854
596019;7923
596035;8139
596051;8486
596060;8502
596078;8803
596086;9014
596094;9211
596108;9229
596116;9324
596132;9546
596141;9853
596159;9857
596175;10230
596183;10391
596191;10454
596205;10472
596213;10569
596221;10596
596230;10641
596248;10663
596256;10683
596264;10759
596272;10822
596281;10884
596302;11114
596329;11266
596337;11319
596345;11335
596353;11336
596361;11600
596370;11653
596388;11833
596396;11843
596400;11936
596418;11966
596434;12073
596442;12319
596451;12365
596469;12427
596477;12501
596485;12550
596493;13342
596507;13735
596515;13749
596523;13755
596531;13756
596540;13817
596558;13818
596566;13837
596574;13838
596582;14057
596604;14197
596612;14199
596639;14230
596647;14243
596655;14289
596663;14319
596671;14345
596680;14488
596698;14557
596701;14626
596710;14713
596728;14782
596736;14825
596744;14826
596752;14850
596761;14890
596787;15145
596795;15278
596809;15590
596817;15610
596825;15652
596833;15952
596841;16066
596850;16092
596868;16156
596876;16270
596884;16346
596892;16753
596906;17344
596914;17356
596922;17372
596931;17431
596949;17716
596957;17748
596965;17754
596973;17821
596981;17857
596990;17887
597007;17909
597015;18005
597031;18104
597040;18138
597058;18154
597066;18175
597074;18249
597082;18408
597091;18460
597104;18565
597112;18920
597121;18960
597139;19340
597147;19373
597155;19408
597163;19498
597171;19548
597180;1316
597198;405
597201;661
597210;948
597228;1499
597252;2606
597287;2980
597317;3387
597325;3872
597341;4086
597350;4235
597368;4354
597392;4609
597414;5010
597431;5697
597449;6033
597457;6108
597473;6330
597481;6338
597511;7403
597520;7455
597538;7635
597546;8001
597554;8375
597571;8481
597589;8666
597601;9023
597635;9339
597678;9908
597686;10477
597716;11329
597724;13998
597741;14184
597775;14368
597783;14446
597791;14475
597813;15052
597821;15247
597872;16046
597881;16113
597899;16264
597911;17064
597937;17571
597945;17601
597961;18608
597970;18801
597988;19120
597996;19319
598003;3495
598011;106
598020;391
598038;1338
598046;1339
598062;1692
598071;1911
598089;2698
598101;2892
598135;3480
598143;3517
598160;4019
598178;4240
598232;4799
598241;11955
598259;5630
598267;2768
598275;6305
598283;14667
598291;10540
598305;19277
598313;6018
598321;7177
598330;16134
598348;7450
598356;7709
598364;8140
598372;11574
598381;3336
598399;8837
598402;3655
598411;8121
598429;16814
598437;361
598445;9867
598453;9989
598461;6715
598470;11270
598488;13767
598496;16261
598500;7516
598518;19508
598526;14255
598542;11566
598551;11745
598569;11821
598577;13505
598585;10437
598593;10207
598607;3919
598615;16380
598623;9814
598631;6285
598640;10533
598658;4356
598666;19320
598674;14698
598691;14829
598704;2406
598712;6783
598721;8295
598739;15394
598747;15428
598755;13699
598763;16029
598771;14757
598780;778
598798;16234
598801;7831
598810;17089
598828;11288
598836;17603
598844;11325
598852;18417
598861;19510
598879;18560
598887;12118
598895;345
598909;7821
598917;6382
598925;12
598933;2316
598941;2596
598950;523
598968;2973
598976;1947
598992;4026
599000;19004
599026;14957
599034;10998
599042;13791
599051;10703
599069;11236
599077;12035
599085;12048
599107;14444
599115;14576
599123;17543
599131;10554
599140;15563
599158;16657
599166;10296
599174;9767
599182;10775
599191;10741
599204;6951
599212;97
599221;2770
599239;14465
599247;442
599255;9379
599263;19381
599271;19336
599280;6866
599298;3154
599301;2022
599344;3471
599352;3544
599361;15697
599379;15620
599387;15257
599395;17808
599409;4062
599417;19604
599425;19591
599433;15989
599441;15579
599450;8197
599468;5895
599476;14918
599484;16126
599492;17401
599506;6123
599514;1477
599522;4966
599531;4411
599549;6631
599557;6967
599565;6939
599573;14764
599581;207
599590;12408
599603;8378
599611;18588
599620;5118
599638;4864
599646;8811
599654;10728
599662;11274
599671;2379
599689;9933
599697;19168
599701;10908
599719;16531
599727;2782
599735;19402
599743;12050
599751;9796
599760;13731
599778;4162
599808;13532
599832;14700
599867;15275
599905;15503
599921;15839
599930;15916
599948;16411
599956;16699
599964;16713
599999;16849
500054;80101
500089;80102
500097;80103
500119;80104
500143;80105
500178;80106
500186;80107
500208;80108
500216;80109
500224;80110
501298;80502
502081;80503
538060;80144
538078;80156
538124;80141
538175;80146
538205;80158
538213;80147
538302;80149
538353;80150
538361;80160
538388;80161
538400;80162
538531;80163
538736;80153
538931;80166
538949;80154
539007;80155
539449;80127
539465;80128
539589;80138
539601;80129
539635;80130
539678;80131
539694;80113
539724;80125
539791;80126
539864;80134
539899;80135
545911;81201
545970;80301
545988;80302
546003;80303
546046;81202
546135;81203
546208;80304
546224;81204
547034;80111
547042;80122
547051;80123
547107;80112
547115;80133
547140;80136
547158;80137
547174;80139
547271;80140
547298;80142
547301;80143
547310;80145
547328;80167
547344;80148
547361;80114
547379;80157
547387;80115
547395;80164
547409;80165
547417;80152
550973;80901
550990;80902
551007;80903
551031;80904
551058;80905
551066;80906
551074;80907
551082;80908
551091;80909
551112;80910
551147;80911
551171;80912
551198;80913
551210;80914
551228;80915
551236;80916
551244;80917
551252;80918
551279;80919
551287;80920
551295;80921
551309;80922
551317;80923
551325;80924
551368;80925
551376;80926
551406;80927
551422;80928
551431;80929
554219;81205
554227;81206
554235;81207
554243;81208
554286;81209
554308;81210
554324;81211
554332;81212
554367;81213
554375;81214
554430;81215
554537;81216
554561;81217
554570;81218
554588;81219
554669;81220
554685;81221
554715;81222
554723;81223
554731;80305
554758;80306
554766;80307
554774;80308
555100;100293
556891;100294
557978;80310
559199;80309
